WBS,Task Name,Duration,Predecessor,Notes
1.1,Confirm MVP product definition,1 day,,Required before build starts
1.2,Confirm version 1 exclusions,1 day,1.1,"Locks out scoring, compensation estimates and outcome prediction"
1.3,Define supported post-2026 claim scenarios,1 day,1.2,"Defines new condition, worsening, new plus existing, evidence prep and unsure scenarios"
1.4,Draft disclaimer and AI-use wording,1 day,1.3,Required before onboarding and AI outputs
1.5,Define first user journey,1 day,1.4,Provides build path for wireframes and API design
1.6,Define MVP feature list,1 day,1.5,Locks initial build scope
1.7,Define first data objects,1 day,1.6,Feeds database schema planning
1.8,Define Phase 1 acceptance criteria,1 day,1.7,Defines done for Phase 1
1.9,Review Phase 1 pack before build starts,1 day,1.8,Final gate before Phase 2 cloud setup
